Date,Close,Open,High,Low,volume
04-02-2022,1947.95,1948.00,1957.80,1923.30,1440816.00
07-02-2022,1884.50,1932.50,1947.50,1874.55,2641464.00
08-02-2022,1875.60,1890.00,1896.95,1848.00,2040523.00
09-02-2022,1888.80,1884.50,1899.90,1875.60,1390810.00
10-02-2022,1901.00,1892.00,1911.00,1881.00,1288856.00
11-02-2022,1871.25,1889.00,1889.00,1850.00,1744894.00
14-02-2022,1799.00,1843.25,1846.95,1795.00,2290199.00
15-02-2022,1876.05,1810.00,1882.00,1806.15,2602134.00
16-02-2022,1860.70,1876.05,1887.30,1842.15,1898439.00
17-02-2022,1868.70,1869.00,1884.90,1854.10,1459905.00
18-02-2022,1883.10,1870.00,1896.00,1865.15,1912482.00
21-02-2022,1863.95,1874.95,1883.90,1848.85,1262585.00
22-02-2022,1844.45,1813.00,1855.00,1800.50,2288298.00
23-02-2022,1820.30,1849.00,1852.00,1816.15,1583872.00
24-02-2022,1757.35,1783.25,1800.00,1751.00,3616355.00
25-02-2022,1777.05,1782.00,1798.70,1765.00,2476882.00
28-02-2022,1816.75,1764.90,1822.25,1752.80,2553662.00
02-03-2022,1784.50,1800.00,1826.95,1768.50,3152628.00
03-03-2022,1752.30,1810.00,1813.55,1745.55,2259979.00
04-03-2022,1711.75,1740.00,1754.05,1703.00,3906819.00
07-03-2022,1634.45,1658.25,1666.80,1605.55,6318251.00
08-03-2022,1658.50,1627.90,1666.00,1595.00,4421730.00
09-03-2022,1690.95,1676.50,1699.80,1650.05,3306502.00
10-03-2022,1728.20,1740.00,1758.00,1707.00,2776325.00
11-03-2022,1728.65,1720.00,1735.45,1705.80,1577597.00
14-03-2022,1746.75,1735.00,1754.00,1715.50,1558334.00
15-03-2022,1743.45,1748.00,1765.00,1726.60,2062332.00
16-03-2022,1756.20,1761.00,1770.65,1746.20,2101909.00
17-03-2022,1787.90,1781.15,1804.60,1768.45,3383036.00
21-03-2022,1756.30,1805.00,1805.00,1745.00,2301462.00
22-03-2022,1774.05,1756.30,1777.00,1721.15,3986030.00
23-03-2022,1767.25,1780.00,1791.55,1759.15,1574226.00
24-03-2022,1771.55,1755.00,1779.70,1751.00,1580887.00
25-03-2022,1751.10,1775.60,1777.90,1739.00,1483897.00
28-03-2022,1741.60,1752.00,1755.00,1725.10,1799629.00
29-03-2022,1746.65,1748.70,1754.10,1733.00,2071779.00
30-03-2022,1773.60,1766.90,1777.05,1754.10,1712835.00
31-03-2022,1767.65,1779.95,1781.35,1758.00,1401916.00
01-04-2022,1790.10,1759.00,1794.00,1759.00,2050573.00
04-04-2022,1826.35,1784.00,1829.85,1776.60,1955281.00
05-04-2022,1836.05,1840.00,1845.00,1827.00,1718581.00
06-04-2022,1852.80,1833.00,1858.00,1827.70,2245496.00
07-04-2022,1826.30,1849.90,1855.85,1810.15,2003954.00
08-04-2022,1830.75,1835.40,1838.90,1818.05,1903321.00
11-04-2022,1781.50,1820.25,1829.75,1779.00,2262446.00
12-04-2022,1747.70,1780.00,1781.50,1733.60,4215141.00
13-04-2022,1760.80,1754.20,1772.85,1747.10,1673417.00
18-04-2022,1738.35,1746.30,1749.95,1715.00,1808707.00
19-04-2022,1705.75,1748.30,1760.75,1687.00,2737766.00
20-04-2022,1691.60,1709.95,1712.40,1671.35,3832617.00
21-04-2022,1714.50,1702.95,1725.80,1700.00,1797489.00
22-04-2022,1694.35,1701.00,1716.40,1690.40,1474689.00
25-04-2022,1657.35,1675.00,1675.00,1652.00,1964344.00
26-04-2022,1699.95,1680.00,1703.10,1664.00,2440990.00
27-04-2022,1677.05,1675.00,1691.60,1666.70,1346726.00
28-04-2022,1719.25,1690.00,1731.00,1680.00,3117433.00
29-04-2022,1694.35,1731.00,1739.00,1687.15,2404830.00
02-05-2022,1679.45,1668.60,1685.95,1655.05,1399802.00
04-05-2022,1633.95,1679.50,1681.90,1625.05,1777673.00
05-05-2022,1637.65,1650.70,1671.20,1633.00,1707752.00
06-05-2022,1622.45,1616.00,1633.00,1612.10,1439520.00
09-05-2022,1616.15,1607.55,1629.85,1591.25,1400010.00
10-05-2022,1607.95,1611.00,1629.60,1601.00,1176030.00
11-05-2022,1570.80,1600.50,1609.00,1557.35,2988788.00
12-05-2022,1526.15,1550.00,1554.95,1513.10,3407191.00
13-05-2022,1534.50,1530.00,1574.90,1502.00,4328846.00
16-05-2022,1542.90,1550.00,1567.50,1539.45,1775914.00
17-05-2022,1604.10,1545.00,1607.90,1545.00,1608711.00
18-05-2022,1572.50,1623.00,1623.00,1565.00,2984009.00
19-05-2022,1547.95,1550.00,1562.75,1540.35,1798843.00
20-05-2022,1610.10,1569.40,1613.45,1561.05,2175224.00
23-05-2022,1644.15,1629.00,1660.00,1605.60,4177811.00
24-05-2022,1626.30,1644.80,1653.70,1610.10,1970395.00
25-05-2022,1574.75,1633.00,1639.70,1571.10,1417130.00
26-05-2022,1564.55,1575.00,1588.90,1536.65,3578710.00
27-05-2022,1600.30,1575.20,1606.00,1574.00,1279218.00
30-05-2022,1660.85,1620.00,1663.70,1613.60,2119326.00
31-05-2022,1654.50,1660.50,1674.40,1645.00,3534742.00
01-06-2022,1648.00,1653.55,1661.00,1638.45,1425466.00
02-06-2022,1637.15,1632.00,1649.45,1623.70,1852251.00
03-06-2022,1652.05,1657.95,1673.70,1644.95,2928263.00
06-06-2022,1640.20,1652.15,1662.30,1634.10,1538005.00
07-06-2022,1589.45,1630.00,1638.40,1586.10,2157491.00
08-06-2022,1584.55,1595.00,1607.80,1570.10,2122442.00
09-06-2022,1595.10,1556.20,1600.00,1556.20,1361104.00
10-06-2022,1585.10,1570.00,1594.50,1569.05,1337799.00
13-06-2022,1532.05,1560.15,1565.95,1518.30,2460367.00
14-06-2022,1544.65,1532.05,1554.30,1525.20,1983405.00
15-06-2022,1560.35,1547.95,1567.00,1539.05,1461683.00
16-06-2022,1527.40,1568.40,1575.00,1516.75,2329325.00
17-06-2022,1489.95,1522.00,1529.95,1481.40,4548572.00
20-06-2022,1471.80,1490.00,1497.85,1456.35,1837431.00
21-06-2022,1500.30,1480.00,1515.20,1476.90,1458922.00
22-06-2022,1478.75,1490.00,1490.95,1468.00,1906619.00
23-06-2022,1494.30,1481.50,1511.75,1481.50,1828491.00
24-06-2022,1494.85,1501.75,1512.00,1489.00,1731440.00
27-06-2022,1535.80,1524.00,1544.70,1509.75,2389778.00
28-06-2022,1551.50,1530.00,1557.50,1524.10,2072405.00
29-06-2022,1547.90,1531.25,1554.00,1525.40,1480197.00
30-06-2022,1558.25,1549.05,1566.90,1542.10,3308971.00
01-07-2022,1572.15,1560.95,1576.00,1534.60,1294305.00
04-07-2022,1581.70,1572.10,1587.45,1550.20,1269969.00
05-07-2022,1564.90,1584.00,1597.25,1561.60,1445200.00
06-07-2022,1556.15,1565.55,1590.50,1551.80,2422594.00
07-07-2022,1611.10,1565.90,1614.15,1565.65,1697912.00
08-07-2022,1687.45,1621.00,1702.00,1618.00,6516138.00
11-07-2022,1663.00,1684.95,1688.85,1653.40,1316037.00
12-07-2022,1653.75,1655.00,1672.90,1649.05,781516.00
13-07-2022,1647.25,1664.00,1683.25,1644.40,1914814.00
14-07-2022,1646.15,1651.85,1667.35,1634.60,1170472.00
15-07-2022,1684.85,1653.90,1687.85,1649.20,1345141.00
18-07-2022,1727.65,1696.05,1734.60,1690.00,3200640.00
19-07-2022,1729.80,1719.95,1734.95,1714.00,1351783.00
20-07-2022,1739.95,1740.35,1746.85,1727.95,1509911.00
21-07-2022,1765.15,1726.90,1768.95,1715.10,2827327.00
22-07-2022,1767.75,1765.50,1779.55,1752.55,1495629.00
25-07-2022,1782.45,1765.00,1785.50,1760.05,1916615.00
26-07-2022,1751.25,1780.75,1780.75,1741.90,1585897.00
27-07-2022,1796.65,1754.00,1819.50,1750.00,5369460.00
28-07-2022,1801.25,1805.00,1816.00,1786.95,1831059.00
29-07-2022,1808.05,1814.95,1832.50,1794.00,1747781.00
01-08-2022,1814.70,1808.00,1817.85,1790.30,1341943.00
02-08-2022,1793.05,1809.00,1811.65,1775.70,1749346.00
03-08-2022,1789.80,1793.05,1804.00,1773.00,1264299.00
04-08-2022,1780.10,1793.80,1814.80,1775.00,1856927.00
05-08-2022,1787.45,1782.95,1807.00,1775.30,1430542.00
08-08-2022,1829.65,1796.40,1832.05,1790.25,2625195.00
10-08-2022,1855.15,1830.00,1867.00,1822.25,3422074.00
11-08-2022,1867.15,1870.05,1878.80,1855.20,1918049.00
12-08-2022,1846.45,1865.00,1869.00,1838.00,1041383.00
16-08-2022,1848.90,1860.00,1864.00,1842.00,1426893.00
17-08-2022,1855.70,1861.45,1867.35,1850.05,1748371.00
18-08-2022,1894.55,1857.00,1898.55,1850.00,2519639.00
19-08-2022,1936.05,1894.10,1942.00,1892.75,4134598.00
22-08-2022,1880.65,1937.10,1944.00,1875.00,3175874.00
23-08-2022,1877.05,1870.00,1911.95,1865.70,1811509.00
24-08-2022,1893.35,1876.00,1898.00,1851.60,1534933.00
25-08-2022,1877.90,1900.00,1918.00,1873.00,1121363.00
26-08-2022,1905.40,1890.20,1912.00,1887.20,1119310.00
29-08-2022,1881.50,1870.00,1890.00,1861.00,1183546.00
30-08-2022,1922.50,1893.90,1928.00,1889.15,1394462.00
01-09-2022,1912.95,1905.00,1930.50,1892.10,2014905.00
02-09-2022,1940.50,1900.50,1958.80,1900.25,3201140.00
05-09-2022,1968.35,1947.95,1972.75,1942.10,2474746.00
06-09-2022,1962.30,1973.80,1985.10,1951.30,1172733.00
07-09-2022,1958.10,1941.10,1961.35,1934.00,1238549.00
08-09-2022,1974.40,1967.90,1977.00,1947.55,1632797.00
09-09-2022,1949.75,1977.35,1987.40,1944.00,980869.00
12-09-2022,1961.90,1949.75,1967.00,1947.90,791708.00
13-09-2022,1991.35,1968.90,1995.00,1963.10,1761021.00
14-09-2022,1953.90,1964.65,1972.95,1949.40,2322752.00
15-09-2022,1957.50,1959.10,1984.70,1954.80,1566565.00
16-09-2022,1920.00,1947.00,1956.90,1915.00,3881617.00
19-09-2022,1910.70,1921.10,1931.95,1905.00,1755456.00
20-09-2022,1932.70,1931.00,1955.80,1925.00,1666658.00
21-09-2022,1895.65,1921.10,1946.30,1891.60,1618385.00
22-09-2022,1888.20,1882.00,1905.60,1873.00,1875115.00
23-09-2022,1856.85,1890.00,1895.45,1852.55,1948766.00
26-09-2022,1851.45,1849.00,1876.80,1818.00,1529101.00
27-09-2022,1841.20,1856.00,1864.00,1832.50,1443698.00
28-09-2022,1835.45,1829.70,1856.00,1825.60,1853503.00
29-09-2022,1815.50,1844.65,1857.40,1797.40,2377718.00
30-09-2022,1847.70,1823.95,1882.95,1816.05,2339518.00
03-10-2022,1819.30,1852.00,1852.00,1814.00,1850414.00
04-10-2022,1871.55,1835.30,1880.95,1835.30,1637532.00
06-10-2022,1912.95,1882.00,1919.00,1878.10,2771898.00
07-10-2022,1924.55,1905.00,1928.95,1903.05,1469264.00
10-10-2022,1909.65,1905.00,1917.00,1883.50,1656954.00
11-10-2022,1878.95,1923.80,1923.80,1871.25,1047963.00
12-10-2022,1911.25,1880.00,1916.00,1858.05,1907748.00
13-10-2022,1876.15,1901.00,1912.00,1868.25,1303645.00
14-10-2022,1911.60,1900.00,1936.75,1898.45,1819114.00
17-10-2022,1883.20,1902.90,1914.00,1878.40,2588147.00
18-10-2022,1918.10,1893.10,1931.20,1893.10,1401849.00
19-10-2022,1904.90,1920.00,1947.00,1901.65,1636141.00
20-10-2022,1904.15,1898.65,1917.80,1886.30,1374019.00
21-10-2022,1876.75,1913.70,1925.00,1867.10,2225676.00
24-10-2022,1909.75,1906.00,1919.90,1900.00,269400.00
25-10-2022,1949.10,1915.00,1954.65,1891.55,2136147.00
27-10-2022,1964.05,1952.10,1971.85,1949.90,2245395.00
28-10-2022,1975.05,1972.00,1986.00,1963.80,2013794.00
31-10-2022,2023.10,1986.00,2034.65,1978.20,3176507.00
01-11-2022,2024.45,2032.00,2056.00,1990.05,4464211.00
02-11-2022,2013.30,2036.50,2042.00,2000.00,1889651.00
03-11-2022,2008.70,2006.00,2022.50,1993.00,1052241.00
04-11-2022,2015.10,2010.00,2029.35,2004.75,2312753.00
07-11-2022,2017.65,2021.40,2032.00,1993.00,1395070.00
09-11-2022,2003.50,2025.05,2036.95,1996.25,1301233.00
10-11-2022,1977.65,1995.00,2001.85,1970.20,1261210.00
11-11-2022,2011.10,2003.60,2018.80,1991.95,1203125.00
14-11-2022,1999.80,2013.05,2021.90,1995.25,1175155.00
15-11-2022,1996.55,2003.00,2017.00,1978.10,1450841.00
16-11-2022,2003.60,1986.00,2009.85,1985.05,1195832.00
17-11-2022,2029.55,2002.00,2059.00,2001.10,3786182.00
18-11-2022,2024.45,2039.00,2050.95,2006.85,1248459.00
21-11-2022,2011.45,2019.00,2033.00,2007.00,714687.00
22-11-2022,2029.80,2021.55,2033.15,2019.60,1337869.00
23-11-2022,2025.00,2038.95,2044.00,2018.00,1046988.00
24-11-2022,2052.20,2030.50,2060.00,2028.40,1611889.00
25-11-2022,2062.75,2061.00,2095.80,2058.45,2652761.00
02-12-2022,2085.50,2096.10,2098.90,2069.15,1957264.00
05-12-2022,2085.60,2095.95,2096.80,2068.85,1767537.00
06-12-2022,2093.50,2081.00,2100.00,2067.00,1530731.00
07-12-2022,2124.00,2096.30,2144.00,2096.30,3438327.00
08-12-2022,2167.70,2120.00,2175.00,2120.00,3743754.00
09-12-2022,2154.05,2168.00,2194.35,2137.50,2573609.00
12-12-2022,2163.70,2148.90,2169.00,2134.55,1536090.00
13-12-2022,2172.90,2170.00,2175.70,2152.50,1233124.00
14-12-2022,2195.45,2176.95,2210.00,2175.05,1516631.00
15-12-2022,2177.55,2196.70,2209.00,2173.60,1323412.00
19-12-2022,2184.00,2171.00,2187.45,2155.05,1592779.00
20-12-2022,2163.25,2179.90,2179.90,2138.00,1747181.00
21-12-2022,2146.30,2153.10,2174.95,2142.85,1979681.00
23-12-2022,2062.75,2094.50,2104.15,2050.10,2026125.00
27-12-2022,2124.10,2101.55,2128.00,2085.00,1059351.00
28-12-2022,2121.10,2129.00,2136.00,2113.65,1153883.00
29-12-2022,2110.90,2109.65,2120.55,2094.15,1517150.00
02-01-2023,2089.45,2092.90,2097.60,2075.05,807344.00
03-01-2023,2088.95,2088.00,2096.80,2067.95,1260225.00
04-01-2023,2070.55,2090.95,2101.45,2058.00,1015547.00
05-01-2023,2087.35,2080.00,2099.20,2068.50,1881403.00
06-01-2023,2086.55,2090.20,2121.70,2071.85,1877917.00
10-01-2023,2106.65,2131.90,2131.90,2097.20,1425414.00
11-01-2023,2125.35,2106.10,2140.00,2097.10,1455621.00
12-01-2023,2159.75,2118.10,2164.65,2118.10,2726901.00
13-01-2023,2153.40,2161.90,2164.85,2117.20,2180210.00
16-01-2023,2137.20,2147.00,2161.00,2132.30,1009649.00
17-01-2023,2213.10,2139.90,2217.80,2136.40,4645453.00
18-01-2023,2266.50,2221.00,2274.80,2200.00,4090049.00
19-01-2023,2273.10,2259.85,2283.80,2241.00,2176835.00
20-01-2023,2249.95,2282.45,2297.65,2238.45,1962410.00
23-01-2023,2233.50,2255.00,2273.30,2227.00,1466706.00
24-01-2023,2207.50,2244.70,2252.30,2200.00,1036962.00
25-01-2023,2174.70,2201.00,2205.00,2155.00,2134447.00
27-01-2023,2159.85,2174.70,2195.00,2127.10,1647900.00
30-01-2023,2112.90,2129.40,2173.25,2083.80,3441304.00
31-01-2023,2124.40,2119.95,2132.75,2072.65,4516463.00
01-02-2023,2145.55,2133.00,2215.95,2080.30,6868872.00
02-02-2023,2144.90,2135.60,2166.95,2107.85,3488506.00
03-02-2023,2166.55,2176.95,2181.85,2131.05,2045634.00
06-02-2023,2156.10,2164.25,2181.60,2142.30,1332484.00
07-02-2023,2165.30,2162.25,2172.00,2150.05,1089248.00
08-02-2023,2130.85,2160.55,2175.25,2125.55,1452145.00
09-02-2023,2147.40,2150.00,2151.95,2135.70,1563181.00
10-02-2023,2163.85,2140.20,2169.95,2137.55,1454665.00
13-02-2023,2203.30,2173.00,2210.40,2160.20,2978938.00
14-02-2023,2191.65,2215.00,2216.00,2182.15,1874906.00
16-02-2023,2178.30,2186.80,2202.30,2171.70,2464602.00
17-02-2023,2226.35,2169.80,2249.00,2160.00,3753179.00
20-02-2023,2225.50,2233.70,2252.00,2215.00,1779752.00
21-02-2023,2229.45,2239.00,2262.00,2222.70,1882604.00
22-02-2023,2194.75,2229.00,2241.00,2182.05,2103097.00
23-02-2023,2159.15,2204.00,2208.20,2153.50,2000556.00
24-02-2023,2134.05,2160.00,2172.30,2118.75,1479060.00
27-02-2023,2113.70,2134.05,2139.90,2082.10,1398112.00
28-02-2023,2109.15,2115.00,2138.30,2085.00,2108587.00
01-03-2023,2115.30,2100.00,2130.00,2100.00,1389077.00
02-03-2023,2121.60,2129.95,2149.00,2107.55,1727640.00
03-03-2023,2152.05,2140.00,2159.90,2132.25,1821066.00
08-03-2023,2170.80,2152.00,2189.60,2140.60,2965342.00
10-03-2023,2157.85,2171.50,2182.00,2133.00,1900535.00
13-03-2023,2133.85,2164.05,2178.95,2107.00,2334468.00
14-03-2023,2144.20,2144.35,2171.00,2134.40,2871343.00
15-03-2023,2176.65,2164.20,2212.45,2160.00,3044201.00
16-03-2023,2173.60,2184.90,2187.00,2132.00,2946792.00
17-03-2023,2195.75,2186.70,2228.90,2186.70,3286473.00
20-03-2023,2177.55,2191.10,2205.00,2152.00,1996773.00
21-03-2023,2208.45,2182.70,2227.00,2182.00,3178680.00
22-03-2023,2213.95,2219.50,2246.25,2207.90,1956033.00
23-03-2023,2206.65,2214.00,2242.00,2200.55,2455799.00
24-03-2023,2166.15,2206.00,2219.35,2153.05,1449544.00
27-03-2023,2154.00,2175.05,2190.00,2150.00,1540581.00
28-03-2023,2133.60,2167.75,2169.80,2122.45,1627243.00
29-03-2023,2147.45,2137.65,2159.30,2121.00,2372385.00
31-03-2023,2164.20,2156.50,2176.95,2150.55,1489542.00
03-04-2023,2170.15,2180.00,2183.50,2155.00,1231654.00
05-04-2023,2257.75,2170.00,2262.50,2165.00,2763363.00
06-04-2023,2274.25,2257.75,2291.65,2254.45,2389899.00
10-04-2023,2309.70,2284.90,2319.90,2278.05,1955914.00
12-04-2023,2288.50,2304.00,2312.70,2281.95,1165839.00
13-04-2023,2258.75,2294.80,2295.00,2242.45,1956668.00
17-04-2023,2214.00,2258.75,2273.80,2201.15,4125850.00
18-04-2023,2216.60,2220.00,2230.00,2188.00,2848601.00
19-04-2023,2219.60,2208.10,2235.00,2208.10,1970015.00
20-04-2023,2232.75,2225.00,2251.45,2222.25,1898996.00
21-04-2023,2215.20,2240.15,2243.00,2202.00,1009316.00
24-04-2023,2228.90,2220.00,2232.70,2186.55,1239073.00
25-04-2023,2247.95,2231.05,2254.00,2218.10,1350118.00
26-04-2023,2276.15,2247.85,2287.30,2244.05,1894812.00
27-04-2023,2305.60,2275.75,2310.00,2267.10,1252989.00
28-04-2023,2364.40,2312.30,2369.00,2312.30,2884961.00
02-05-2023,2384.45,2373.20,2416.35,2373.20,1840153.00
03-05-2023,2356.30,2384.10,2390.00,2348.50,998235.00
04-05-2023,2356.90,2361.80,2381.65,2342.85,1230912.00
05-05-2023,2377.50,2357.00,2406.95,2357.00,2425866.00
08-05-2023,2365.40,2377.45,2385.00,2354.05,1583576.00
09-05-2023,2374.35,2367.65,2401.90,2367.65,1417301.00
10-05-2023,2364.45,2387.00,2388.95,2350.00,1675409.00
11-05-2023,2242.15,2300.00,2314.05,2237.35,9470848.00
12-05-2023,2221.10,2222.65,2235.00,2197.35,5367292.00
15-05-2023,2246.85,2220.90,2260.00,2215.00,2662740.00
16-05-2023,2227.20,2254.60,2255.00,2223.10,2528855.00
17-05-2023,2219.60,2224.35,2244.00,2210.20,1961004.00
18-05-2023,2188.20,2230.00,2233.55,2181.00,2290757.00
19-05-2023,2190.05,2192.00,2199.05,2168.50,1729803.00
22-05-2023,2216.60,2190.00,2222.00,2178.40,1112099.00
23-05-2023,2197.65,2225.60,2228.60,2194.00,2265389.00
24-05-2023,2185.15,2200.00,2208.50,2176.00,2648479.00
25-05-2023,2204.70,2190.00,2207.30,2178.00,1689521.00
26-05-2023,2218.45,2209.00,2220.75,2201.00,1249128.00
29-05-2023,2224.55,2225.00,2241.80,2220.20,1369656.00
30-05-2023,2210.80,2230.00,2237.00,2207.20,1716729.00
31-05-2023,2205.65,2201.10,2224.00,2200.00,2809284.00
01-06-2023,2207.80,2217.00,2222.00,2202.15,1049488.00
02-06-2023,2234.55,2221.00,2237.30,2212.15,1399950.00
05-06-2023,2268.30,2245.00,2272.80,2240.00,2344944.00
06-06-2023,2277.95,2269.00,2280.70,2263.70,1677680.00
08-06-2023,2340.30,2316.95,2345.05,2312.75,2556995.00
09-06-2023,2363.00,2345.00,2368.85,2338.25,2501720.00
12-06-2023,2339.95,2365.00,2370.00,2333.10,1172382.00
13-06-2023,2354.40,2345.85,2357.90,2327.10,1688768.00
14-06-2023,2355.05,2352.90,2360.00,2340.00,1013564.00
15-06-2023,2361.30,2355.00,2369.50,2349.00,2561534.00
16-06-2023,2366.80,2363.75,2380.00,2352.25,1794542.00
19-06-2023,2366.35,2379.00,2419.90,2361.00,3111256.00
20-06-2023,2382.00,2364.95,2389.65,2354.45,1771306.00
21-06-2023,2394.45,2382.00,2412.00,2382.00,1607299.00
23-06-2023,2389.55,2418.95,2427.00,2383.25,1212955.00
26-06-2023,2377.55,2398.10,2403.85,2367.95,793572.00
27-06-2023,2388.05,2387.45,2396.95,2371.55,1012317.00
28-06-2023,2421.45,2400.00,2432.90,2390.05,1734938.00
30-06-2023,2475.55,2420.00,2483.50,2415.05,2690699.00
03-07-2023,2454.05,2478.20,2492.40,2448.00,1078456.00
04-07-2023,2461.85,2458.20,2484.40,2458.20,1441581.00
05-07-2023,2470.80,2461.00,2484.95,2454.35,1191896.00
06-07-2023,2488.60,2468.10,2499.95,2467.55,1796824.00
07-07-2023,2449.35,2482.75,2504.00,2444.60,1837661.00
10-07-2023,2438.75,2450.00,2463.35,2420.00,1178479.00
11-07-2023,2474.55,2447.20,2479.00,2447.20,1219658.00
12-07-2023,2454.95,2480.30,2485.95,2447.80,1822435.00
13-07-2023,2450.15,2466.00,2484.90,2446.25,1141663.00
14-07-2023,2472.25,2450.25,2477.05,2448.65,845623.00
17-07-2023,2468.80,2475.00,2494.00,2465.00,878697.00
18-07-2023,2474.70,2469.00,2489.95,2468.10,720865.00
19-07-2023,2494.15,2474.60,2502.95,2466.40,1431080.00
20-07-2023,2489.70,2494.00,2495.70,2469.05,1045704.00
21-07-2023,2586.25,2522.00,2595.00,2521.10,4610417.00
24-07-2023,2605.25,2637.65,2638.00,2583.90,2155297.00
25-07-2023,2560.90,2616.00,2617.75,2553.00,2068876.00
26-07-2023,2646.25,2591.00,2673.85,2585.00,5820099.00
27-07-2023,2660.20,2668.95,2676.35,2646.45,2117794.00
28-07-2023,2649.55,2660.15,2668.15,2625.00,1325724.00
31-07-2023,2681.35,2655.00,2690.00,2631.10,1284981.00
01-08-2023,2666.65,2681.35,2689.00,2655.35,1298745.00
02-08-2023,2622.15,2638.00,2644.95,2602.70,1479486.00
03-08-2023,2598.10,2615.00,2642.75,2586.30,1612618.00
04-08-2023,2626.90,2605.00,2635.00,2598.50,1101278.00
07-08-2023,2635.90,2628.00,2654.00,2623.10,1163125.00
08-08-2023,2632.20,2639.05,2649.50,2628.30,767310.00
09-08-2023,2651.60,2635.00,2655.00,2615.25,906865.00
10-08-2023,2643.50,2640.10,2661.60,2621.65,1040041.00
11-08-2023,2638.50,2642.05,2656.90,2631.25,1320121.00
14-08-2023,2659.90,2637.00,2663.55,2616.00,1364413.00
17-08-2023,2652.50,2691.05,2691.05,2642.00,1629067.00
18-08-2023,2641.95,2650.00,2674.70,2632.75,1898966.00
21-08-2023,2662.25,2641.85,2666.60,2623.45,1376318.00
22-08-2023,2678.80,2668.00,2685.65,2662.00,1497180.00
23-08-2023,2717.60,2689.55,2726.00,2682.45,1990672.00
24-08-2023,2688.15,2747.50,2766.80,2680.60,2619182.00
28-08-2023,2695.35,2653.55,2700.00,2650.05,1551734.00
29-08-2023,2718.95,2710.00,2722.10,2696.30,1101830.00
30-08-2023,2709.00,2722.95,2737.65,2707.00,1920079.00
31-08-2023,2702.70,2720.00,2724.60,2678.35,2439625.00
01-09-2023,2702.10,2710.00,2715.95,2688.30,1263430.00
04-09-2023,2711.10,2733.00,2742.00,2705.00,1548282.00
05-09-2023,2732.95,2720.50,2739.00,2720.00,1066447.00
06-09-2023,2730.45,2740.00,2742.80,2712.00,1747425.00
07-09-2023,2846.40,2733.00,2855.95,2730.00,4100519.00
08-09-2023,2901.60,2888.00,2928.70,2872.45,3638510.00
11-09-2023,2894.20,2905.00,2926.00,2890.05,1545803.00
12-09-2023,2944.10,2951.60,3009.00,2932.45,7788759.00
13-09-2023,2906.75,2943.50,2943.70,2888.45,2458417.00
14-09-2023,2918.60,2924.90,2931.65,2906.00,1910041.00
15-09-2023,2908.55,2933.00,2934.95,2900.00,1655275.00
18-09-2023,2919.85,2910.00,2930.00,2907.00,736631.00
20-09-2023,2890.00,2926.95,2944.95,2886.05,1399240.00
21-09-2023,2899.35,2885.05,2905.10,2846.05,2444711.00
22-09-2023,2918.50,2908.70,2936.45,2902.25,1965569.00
25-09-2023,2902.50,2917.95,2923.80,2871.00,1049532.00
26-09-2023,2912.55,2915.00,2944.00,2910.00,953456.00
27-09-2023,2965.05,2922.00,2994.90,2911.65,2903693.00
28-09-2023,3010.00,2989.00,3050.50,2978.25,4081102.00
29-09-2023,3023.55,3040.00,3058.35,3005.25,2698016.00
03-10-2023,3073.25,3040.50,3077.45,2995.10,3254492.00
04-10-2023,3027.75,3064.10,3064.10,2990.05,3100946.00
05-10-2023,3096.05,3032.55,3114.90,3032.55,3413447.00
06-10-2023,3093.70,3114.95,3114.95,3073.15,1898118.00
09-10-2023,3074.70,3075.00,3085.00,3055.55,1181760.00
10-10-2023,3076.00,3073.85,3099.00,3072.15,1551789.00
11-10-2023,3088.70,3090.00,3110.00,3084.40,2066921.00
12-10-2023,3081.75,3094.00,3105.05,3067.05,1870280.00
13-10-2023,3089.60,3067.75,3099.00,3063.50,1437808.00
16-10-2023,3101.90,3098.95,3113.25,3074.70,818794.00
17-10-2023,3066.30,3109.90,3114.20,3063.00,1847182.00
18-10-2023,3045.60,3068.65,3079.15,3037.15,1350839.00
19-10-2023,3054.40,3025.60,3069.90,3007.15,1599104.00
20-10-2023,3012.35,3039.95,3056.25,2977.30,1667471.00
23-10-2023,2958.30,3003.00,3006.90,2949.00,1614030.00
25-10-2023,2916.10,2959.00,2965.50,2910.30,2108353.00
26-10-2023,2864.60,2906.00,2916.15,2857.05,3286109.00
30-10-2023,2926.35,2899.20,2932.00,2856.15,1693052.00
31-10-2023,2929.05,2929.95,2951.55,2907.95,1556467.00
01-11-2023,2895.30,2947.45,2983.15,2871.05,3875595.00
02-11-2023,2918.10,2935.00,2937.85,2903.20,1451606.00
03-11-2023,2911.25,2934.00,2948.05,2905.00,1136175.00
06-11-2023,2975.45,2933.00,2979.00,2927.25,1235499.00
08-11-2023,2996.45,2974.70,3002.75,2961.00,1013438.00
09-11-2023,3024.85,3003.00,3028.70,2997.00,1719911.00
10-11-2023,3033.25,3021.05,3044.00,3005.25,947753.00
13-11-2023,3048.50,3050.00,3054.35,3031.65,531769.00
15-11-2023,3064.95,3062.35,3071.05,3055.00,1160184.00
16-11-2023,3051.15,3057.95,3082.10,3045.00,1597607.00
17-11-2023,3109.00,3050.00,3115.45,3045.15,1325050.00
20-11-2023,3088.80,3095.10,3111.95,3076.20,1231164.00
21-11-2023,3074.85,3088.50,3099.00,3062.45,1884782.00
22-11-2023,3082.30,3074.85,3088.65,3062.50,1104208.00
24-11-2023,3054.25,3050.00,3067.00,3039.60,915121.00
29-11-2023,3083.75,3050.00,3089.90,3049.00,1801107.00
30-11-2023,3109.20,3076.30,3124.55,3058.70,3131624.00
01-12-2023,3190.65,3129.95,3197.95,3121.05,2112908.00
04-12-2023,3313.55,3285.00,3347.55,3250.00,3095974.00
05-12-2023,3315.45,3319.05,3325.00,3279.05,1659309.00
06-12-2023,3392.30,3330.00,3401.00,3321.00,2057233.00
07-12-2023,3355.60,3392.30,3409.90,3337.05,2128823.00
11-12-2023,3385.80,3377.95,3405.00,3360.00,1534238.00
12-12-2023,3342.40,3375.00,3375.00,3332.00,1888423.00
13-12-2023,3399.80,3352.95,3410.00,3346.20,1509107.00
15-12-2023,3488.00,3435.15,3498.90,3432.85,2632935.00
18-12-2023,3491.60,3496.00,3506.00,3466.00,1767429.00
19-12-2023,3498.95,3488.95,3525.00,3476.05,1311700.00
20-12-2023,3418.50,3505.00,3514.60,3412.55,1876048.00
21-12-2023,3424.15,3390.05,3439.95,3333.00,2292802.00
22-12-2023,3477.95,3424.00,3496.00,3408.60,1681707.00
26-12-2023,3490.05,3477.95,3508.35,3477.95,1072263.00
27-12-2023,3544.00,3510.00,3549.00,3504.15,1389266.00
28-12-2023,3518.05,3545.00,3559.95,3500.50,3371121.00
29-12-2023,3526.00,3531.00,3540.00,3495.00,968577.00
01-01-2024,3525.45,3538.00,3538.00,3496.05,777080.00
02-01-2024,3438.10,3525.05,3525.45,3432.00,1511464.00
03-01-2024,3440.35,3433.00,3465.85,3411.60,1283859.00
04-01-2024,3458.70,3441.05,3480.10,3423.00,1651616.00
05-01-2024,3521.90,3464.95,3555.00,3460.00,2069018.00
08-01-2024,3501.10,3540.00,3559.95,3490.00,1993855.00
09-01-2024,3555.95,3527.45,3593.75,3520.10,1807271.00
10-01-2024,3545.50,3549.95,3558.95,3520.00,1534821.00
11-01-2024,3504.85,3545.50,3559.55,3500.55,1105348.00
12-01-2024,3568.80,3505.05,3578.65,3494.05,1782631.00
15-01-2024,3543.05,3576.10,3605.70,3538.05,1783518.00
17-01-2024,3570.95,3555.00,3614.45,3547.70,2699076.00
18-01-2024,3596.00,3570.80,3616.95,3525.00,2148898.00
19-01-2024,3646.00,3603.00,3655.85,3603.00,1913923.00
23-01-2024,3551.00,3637.60,3661.35,3536.20,1742142.00
24-01-2024,3589.20,3570.00,3617.95,3521.70,3711521.00
25-01-2024,3593.45,3599.90,3618.25,3564.80,2206540.00
29-01-2024,3708.00,3604.00,3733.85,3600.10,2072982.00
30-01-2024,3633.30,3715.95,3737.90,3624.90,1454989.00
31-01-2024,3479.75,3520.00,3538.00,3387.05,9637606.00
01-02-2024,3398.00,3480.00,3493.75,3371.00,6149780.00
02-02-2024,3376.05,3402.70,3436.35,3361.00,7579802.00
05-02-2024,3341.75,3375.50,3407.95,3318.45,2954238.00
06-02-2024,3424.25,3346.00,3427.75,3337.55,2545192.00
07-02-2024,3394.70,3445.00,3447.00,3389.00,2099940.00
08-02-2024,3335.50,3413.00,3417.80,3293.85,3471727.00
09-02-2024,3324.55,3336.25,3390.00,3308.95,3121873.00
12-02-2024,3299.55,3330.00,3339.15,3287.00,1922273.00
13-02-2024,3321.50,3312.00,3338.55,3284.10,2151493.00
14-02-2024,3309.00,3290.05,3316.95,3263.05,2502138.00
15-02-2024,3300.30,3309.00,3321.95,3290.20,1999189.00
16-02-2024,3386.75,3304.95,3398.00,3304.05,2768329.00
19-02-2024,3339.85,3400.55,3408.00,3335.50,1216447.00
20-02-2024,3356.75,3339.85,3367.75,3328.45,1578162.00
21-02-2024,3296.40,3356.90,3356.90,3290.05,2430672.00
22-02-2024,3363.75,3310.00,3369.00,3276.95,2521388.00
23-02-2024,3387.95,3363.75,3399.90,3340.75,2107176.00
26-02-2024,3470.15,3400.00,3491.65,3393.00,4122419.00
27-02-2024,3506.45,3475.00,3512.00,3451.90,2122286.00
28-02-2024,3470.20,3505.00,3513.00,3446.15,1666903.00
29-02-2024,3477.55,3485.00,3496.00,3436.45,2119512.00
01-03-2024,3633.50,3501.65,3658.35,3500.00,4407803.00
04-03-2024,3644.45,3670.00,3679.80,3622.05,1307501.00
06-03-2024,3642.20,3618.00,3652.45,3586.05,1500196.00
07-03-2024,3676.95,3660.75,3705.15,3643.25,2344401.00
11-03-2024,3640.60,3700.00,3700.00,3631.45,1748541.00
12-03-2024,3621.65,3639.05,3672.00,3613.15,1470377.00
13-03-2024,3538.55,3634.90,3636.80,3511.90,2503293.00
14-03-2024,3608.20,3527.05,3636.00,3522.00,4528490.00
15-03-2024,3537.15,3598.00,3603.00,3524.05,4054210.00
18-03-2024,3561.20,3537.15,3572.20,3526.70,1354787.00
19-03-2024,3501.70,3541.00,3549.50,3481.00,1447405.00
20-03-2024,3509.70,3502.75,3524.95,3487.75,1442811.00
21-03-2024,3560.00,3525.15,3596.00,3525.15,2504962.00
22-03-2024,3617.80,3546.20,3647.30,3546.20,3020545.00
26-03-2024,3670.10,3605.00,3676.90,3600.00,2320963.00
27-03-2024,3706.40,3683.00,3727.20,3670.10,2387693.00
28-03-2024,3763.90,3706.55,3813.35,3697.55,4278668.00
01-04-2024,3838.00,3780.85,3851.85,3780.85,1905190.00
03-04-2024,3782.45,3799.70,3799.70,3770.15,1684618.00
04-04-2024,3797.85,3804.90,3819.75,3731.05,2339529.00
05-04-2024,3743.10,3770.10,3790.00,3716.25,1645597.00
08-04-2024,3807.85,3745.00,3819.80,3743.10,1083395.00
10-04-2024,3753.20,3800.00,3800.00,3750.10,1951581.00
12-04-2024,3679.25,3749.95,3802.10,3663.50,3437544.00
15-04-2024,3600.80,3626.05,3679.85,3586.20,1719910.00
16-04-2024,3543.45,3580.05,3598.15,3529.45,2291042.00
18-04-2024,3550.95,3561.95,3617.65,3539.70,3273257.00
19-04-2024,3518.35,3525.00,3542.90,3472.40,2759031.00
22-04-2024,3612.70,3568.75,3620.00,3540.95,2605754.00
23-04-2024,3610.15,3632.75,3632.75,3588.00,1434580.00
25-04-2024,3652.30,3616.10,3666.00,3611.60,2420380.00
26-04-2024,3605.20,3652.00,3660.90,3585.00,1973113.00
29-04-2024,3634.30,3606.10,3649.90,3605.20,1396979.00
30-04-2024,3594.30,3639.00,3648.95,3584.05,1571996.00
02-05-2024,3599.50,3590.05,3634.15,3576.05,3748847.00
03-05-2024,3499.80,3610.00,3622.00,3488.45,4079696.00
06-05-2024,3463.30,3522.80,3527.00,3441.10,2614667.00
07-05-2024,3427.75,3479.40,3496.00,3425.00,3376013.00
08-05-2024,3486.85,3429.00,3497.40,3367.80,4116670.00
09-05-2024,3275.45,3312.75,3377.00,3266.65,12120574.00
10-05-2024,3271.45,3281.60,3306.15,3234.60,4132191.00
13-05-2024,3293.85,3267.05,3315.00,3225.20,3557067.00
14-05-2024,3379.45,3300.00,3384.90,3293.40,2870328.00
15-05-2024,3411.30,3390.00,3417.40,3353.15,2718682.00
16-05-2024,3460.60,3428.95,3468.50,3378.70,3398714.00
17-05-2024,3450.75,3475.95,3475.95,3412.15,2676919.00
21-05-2024,3440.95,3458.00,3470.30,3434.00,2100848.00
22-05-2024,3460.85,3450.05,3472.70,3435.05,1409992.00
23-05-2024,3585.40,3460.90,3601.65,3455.00,4525637.00
24-05-2024,3625.90,3586.00,3659.00,3582.30,2740360.00
27-05-2024,3652.00,3644.90,3695.00,3600.00,2570708.00
28-05-2024,3658.20,3652.00,3685.25,3646.05,1440187.00
29-05-2024,3634.80,3611.00,3661.85,3610.35,1506146.00
30-05-2024,3634.70,3626.05,3643.95,3607.75,2701849.00
31-05-2024,3669.30,3636.40,3744.80,3636.40,6432341.00
04-06-2024,3403.20,3852.00,3898.00,3320.00,9920882.00
05-06-2024,3409.00,3441.50,3441.50,3175.05,10372458.00
06-06-2024,3482.55,3438.00,3538.20,3385.30,8374602.00
07-06-2024,3532.50,3465.05,3548.00,3446.00,5879660.00
10-06-2024,3543.75,3521.05,3585.00,3521.05,3151257.00
11-06-2024,3598.70,3570.00,3639.00,3551.20,2548176.00
12-06-2024,3630.30,3615.00,3648.95,3578.00,2242274.00
13-06-2024,3703.65,3665.50,3715.90,3635.00,2965500.00
14-06-2024,3687.80,3718.00,3720.00,3675.00,1746508.00
18-06-2024,3689.20,3708.00,3710.00,3675.00,1936792.00
19-06-2024,3589.95,3690.00,3699.00,3575.00,2936151.00
20-06-2024,3594.45,3584.95,3613.30,3564.60,2618715.00
21-06-2024,3535.00,3604.05,3610.00,3516.00,4508508.00
24-06-2024,3531.60,3520.35,3567.00,3505.00,2330559.00
25-06-2024,3587.80,3556.50,3591.95,3528.00,2158039.00
26-06-2024,3602.95,3601.00,3624.90,3592.25,2480187.00
27-06-2024,3564.40,3597.45,3601.30,3550.00,5519875.00
28-06-2024,3548.45,3540.00,3575.95,3538.10,3141514.00
01-07-2024,3526.55,3535.20,3541.40,3514.00,2961120.00
02-07-2024,3626.50,3535.05,3634.00,3535.05,5087748.00
03-07-2024,3614.35,3650.35,3650.50,3605.00,1923801.00
04-07-2024,3573.30,3616.10,3644.00,3565.80,1851947.00
05-07-2024,3627.15,3573.30,3638.00,3568.00,1635209.00
08-07-2024,3632.00,3640.10,3645.70,3594.00,1706210.00
09-07-2024,3666.10,3650.00,3685.00,3646.10,2425176.00
10-07-2024,3650.05,3685.05,3694.00,3601.00,2231438.00
11-07-2024,3621.10,3660.00,3684.60,3603.00,2942924.00
12-07-2024,3649.35,3630.00,3667.70,3612.70,2001185.00
15-07-2024,3651.60,3670.00,3674.00,3637.00,943302.00
16-07-2024,3636.55,3646.10,3651.60,3621.00,2220953.00
18-07-2024,3656.20,3640.00,3679.25,3598.65,3240772.00
19-07-2024,3618.50,3651.00,3658.95,3610.00,2432533.00
22-07-2024,3651.45,3617.90,3661.85,3567.60,3639057.00
23-07-2024,3538.05,3669.60,3714.00,3460.00,6957691.00
24-07-2024,3519.45,3549.00,3557.95,3501.00,3184060.00
25-07-2024,3619.15,3539.00,3630.90,3532.05,4691483.00
26-07-2024,3679.90,3629.00,3701.00,3596.10,2617659.00
29-07-2024,3774.95,3701.00,3790.00,3686.60,4159919.00
30-07-2024,3784.65,3774.85,3795.00,3738.60,1979989.00
31-07-2024,3815.00,3777.05,3822.00,3763.10,2703636.00
01-08-2024,3779.30,3810.00,3838.95,3765.85,1998663.00
02-08-2024,3665.70,3730.35,3748.90,3657.10,2512525.00
05-08-2024,3528.00,3597.00,3607.90,3511.50,2900685.00
06-08-2024,3576.20,3548.00,3634.90,3546.00,2125532.00
07-08-2024,3638.25,3630.00,3655.75,3610.35,1613097.00
08-08-2024,3553.55,3621.00,3628.75,3547.45,2038088.00
09-08-2024,3592.05,3600.00,3605.55,3575.70,848232.00
12-08-2024,3571.95,3579.00,3611.00,3563.00,1965035.00
13-08-2024,3551.80,3580.00,3607.00,3545.20,1316218.00
14-08-2024,3545.20,3558.95,3578.70,3536.50,1584372.00
16-08-2024,3568.35,3578.00,3580.90,3533.00,2808865.00
19-08-2024,3555.05,3599.85,3599.90,3547.00,1898535.00
20-08-2024,3572.70,3562.00,3580.00,3548.00,1285569.00
21-08-2024,3596.05,3590.00,3615.30,3581.90,1714248.00
22-08-2024,3606.50,3607.05,3612.15,3583.95,1734927.00
23-08-2024,3598.55,3606.50,3622.00,3587.05,1825180.00
26-08-2024,3641.90,3611.00,3648.00,3594.70,1606911.00
27-08-2024,3702.70,3642.65,3737.00,3636.00,3315435.00
28-08-2024,3689.05,3705.00,3724.40,3685.00,1278175.00
29-08-2024,3683.45,3690.50,3710.00,3651.55,2165489.00
30-08-2024,3704.65,3718.35,3745.00,3666.40,2592912.00
02-09-2024,3683.10,3706.00,3721.95,3666.35,1277813.00
05-09-2024,3624.15,3668.00,3668.00,3608.40,2958770.00
06-09-2024,3574.75,3615.10,3623.80,3536.20,3096557.00
09-09-2024,3578.30,3584.00,3594.00,3553.85,1454589.00
10-09-2024,3596.15,3585.00,3625.00,3571.00,1203483.00
11-09-2024,3536.95,3595.00,3603.95,3516.40,1865165.00
13-09-2024,3613.00,3622.00,3634.75,3600.05,1752455.00
16-09-2024,3662.25,3619.15,3670.00,3613.00,1045964.00
17-09-2024,3695.20,3668.00,3705.00,3659.70,1289060.00
20-09-2024,3793.90,3700.00,3809.90,3680.25,5401701.00
23-09-2024,3787.70,3800.00,3838.80,3749.00,1937874.00
24-09-2024,3791.60,3787.70,3831.80,3775.00,2676546.00
25-09-2024,3793.85,3787.55,3813.20,3778.00,2113862.00
26-09-2024,3762.15,3801.00,3802.95,3736.40,2750597.00
30-09-2024,3675.55,3699.00,3715.65,3665.00,1837697.00
01-10-2024,3653.50,3667.00,3724.00,3639.35,1674100.00
03-10-2024,3497.65,3582.50,3617.00,3485.40,5315877.00
04-10-2024,3493.95,3515.00,3553.55,3468.50,3445879.00
